17997805,高级python开发工程师,1-3年,15k-30k,北京新工场投资顾问有限公司,北京,9/28/2018 09:59:45
624049431,Python 研发工程师,3-5年,25k-45k,北京字节跳动科技有限公司,北京,9/27/2018 19:14:04
624500619,python开发工程师,1-3年,20k-40k,北京字节跳动科技有限公司,北京,9/23/2018 17:46:52
624775802,Python开发工程师-变现业务,1-3年,25k-40k,北京字节跳动科技有限公司,北京,9/26/2018 14:06:35
624922917,高级python工程师,3-5年,40k-60k,北京字节跳动科技有限公司,北京,9/10/2018 21:36:09
624922918,高级python工程师,3-5年,40k-60k,北京字节跳动科技有限公司,北京,9/23/2018 17:54:45
624922919,python开发工程师,1-3年,20k-40k,北京字节跳动科技有限公司,北京,9/10/2018 21:36:09
625119271,高级python研发工程师,1-3年,20k-40k,北京字节跳动科技有限公司,北京,9/26/2018 16:55:29
1214961529,Python开发工程师,3-5年,15k-25k,北京墨迹风云科技股份有限公司,北京,9/25/2018 13:47:53
1294840326,Python高级/中级研发工程师,3-5年,20k-40k,北京陌陌科技有限公司,北京,9/17/2018 12:23:14
1294997694,Java/Python开发工程师（19届）,应届毕业生,12k-24k,北京陌陌科技有限公司,北京,9/17/2018 12:23:17
1295108128,Python开发工程师（反Spam方向）,1-3年,15k-30k,北京陌陌科技有限公司,北京,9/17/2018 12:23:13
2555132394,python开发,应届毕业生,10k-20k,北京多贝兄弟信息技术有限公司,北京,9/28/2018 10:07:48
2555144929,python开发,应届毕业生,10k-20k,北京多贝兄弟信息技术有限公司,北京,9/28/2018 09:52:21
3813161488,后端工程师（Python）,3-5年,20k-35k,北京豆网科技有限公司,北京,9/27/2018 10:24:54
3814550488,Python开发工程师,3-5年,20k-35k,北京豆网科技有限公司,北京,9/27/2018 10:24:57
4132696205,Python架构师,5-10年,30k-60k,北京步鼎方舟科技有限公司,北京,9/28/2018 10:09:47
4132696329,Python高级开发工程师,3-5年,20k-30k,北京步鼎方舟科技有限公司,北京,9/28/2018 10:09:47
4134507407,Python开发工程师,3-5年,10k-18k,北京步鼎方舟科技有限公司,北京,9/28/2018 10:09:48
4134742298,Python高级数据工程师,3-5年,20k-30k,北京步鼎方舟科技有限公司,北京,9/28/2018 10:09:46
4901988923,Python研发工程师,不限,20k-35k,永杨安风（北京）科技有限公司,北京,9/13/2018 19:11:33
4902812960,资深Python工程师,5-10年,35k-45k,永杨安风（北京）科技有限公司,北京,9/13/2018 19:11:34
4903145309,Python研发工程师,3-5年,20k-30k,永杨安风（北京）科技有限公司,北京,9/13/2018 19:11:34
4904347851,python工程师,3-5年,20k-40k,永杨安风（北京）科技有限公司,北京,8/30/2018 18:55:55
5204095839,Python开发工程师-小米电视,3-5年,15k-25k,北京小米科技有限责任公司,北京,9/7/2018 09:41:02
5345079177,Python开发工程师-自动化网络方向,3-5年,18k-30k,京东金融,北京,9/28/2018 09:26:58
5345129099,高级Python开发工程师,5-10年,20k-40k,京东金融,北京,9/28/2018 09:26:59
5345152794,高级Python开发工程师,5-10年,20k-40k,京东金融,北京,9/28/2018 09:26:59
7662809946,Python后端开发工程师,1-3年,15k-30k,北京完美创意科技有限公司,北京,9/28/2018 10:30:30
7664702572,Python高级研发工程师,3-5年,25k-45k,北京完美创意科技有限公司,北京,9/28/2018 10:30:29
7664904619,高级Python开发工程师,3-5年,25k-45k,北京完美创意科技有限公司,北京,9/28/2018 10:30:28
9564542427,运维开发工程师（监控系统，go/python）,3-5年,18k-35k,北京金山云网络技术有限公司,北京,9/26/2018 15:16:07
9565035178,校招-Python/Golang研发工程师,不限,10k-15k,北京金山云网络技术有限公司,北京,9/26/2018 15:16:08
14995020569,Python研发工程师,3-5年,20k-35k,上海谦问万答吧云计算科技有限公司,北京,9/19/2018 09:54:23
15613093928,Python工程师,1-3年,20k-40k,北京旷视科技有限公司,北京,9/28/2018 10:20:31
15613164507,Python 高级开发工程师,3-5年,20k-40k,北京旷视科技有限公司,北京,9/28/2018 10:20:29
15613981586,python高级后端工程师,5-10年,25k-50k,北京旷视科技有限公司,北京,9/25/2018 21:45:16
15614017708,高级Python开发工程师,3-5年,25k-50k,北京旷视科技有限公司,北京,9/25/2018 21:45:15
15614089385,高级Python后端工程师,3-5年,25k-50k,北京旷视科技有限公司,北京,9/28/2018 10:20:30
15754977290,PHP/Python 开发工程师,3-5年,15k-30k,百度在线网络技术（北京）有限公司,北京,9/25/2018 11:52:04
15755169268,百度-python实习生,不限,2k-4k,百度在线网络技术（北京）有限公司,北京,9/25/2018 18:10:14
16505175792,Python 开发,1-3年,10k-15k,联想（北京）有限公司,北京,9/27/2018 11:26:24
16864949843,Python高级开发工程师,3-5年,20k-40k,北京奇艺世纪科技有限公司,北京,9/27/2018 11:20:45
17304597802,Python研发工程师,3-5年,35k-55k,炫一下（北京）科技有限公司,北京,9/27/2018 10:03:27
19024571447,Python开发工程师,1-3年,15k-25k,北京下厨房科技有限公司,北京,9/27/2018 14:16:31
19703155627,Python高级研发工程师-度假事业部(J11528),3-5年,20k-40k,北京趣拿软件科技有限公司,北京,9/26/2018 10:08:08
19924295329,产品经理（数据方向 会R/Python）,1-3年,8k-12k,北京弘合柏基金融信息服务有限责任公司,北京,9/26/2018 15:42:39
20982384086,Python研发工程师（中高级）,3-5年,15k-25k,掌阅科技股份有限公司,北京,9/28/2018 09:40:17
20982704328,高级Python研发工程师,3-5年,25k-35k,掌阅科技股份有限公司,北京,9/28/2018 09:40:17
20984650862,Python研发工程师（数据）,1-3年,20k-30k,掌阅科技股份有限公司,北京,9/27/2018 09:19:43
27912276827,Python开发工程师,1-3年,15k-30k,北京神黄科技有限公司,北京,9/13/2018 09:54:18
30384862128,资深python开发工程师,3-5年,20k-30k,北京国双科技有限公司,北京,9/26/2018 17:43:51
30384862184,资深Python研发工程师,3-5年,20k-40k,北京国双科技有限公司,北京,9/26/2018 17:43:51
30385157463,高级python开发工程师,3-5年,20k-30k,北京国双科技有限公司,北京,9/27/2018 14:03:42
30385173011,资深Python研发工程师（devops经验优先）,5-10年,20k-35k,北京国双科技有限公司,北京,9/27/2018 10:12:12
30385173027,高级Python研发工程师（DevOps经验优先）,3-5年,15k-25k,北京国双科技有限公司,北京,9/27/2018 10:12:12
33283984845,Python后端架构师,5-10年,35k-70k,北京世纪好未来教育科技有限公司,北京,9/27/2018 11:25:47
33284872994,家长帮-Python/Django web开发工程师,3-5年,20k-35k,北京世纪好未来教育科技有限公司,北京,9/25/2018 10:43:30
37064958597,Python工程师,1-3年,10k-20k,北京雷石世纪科技有限公司,北京,9/28/2018 09:39:00
39504550425,Python主管,5-10年,20k-35k,仁科互动（北京）信息科技有限公司,北京,9/27/2018 10:22:22
41283801911,Python开发工程师,3-5年,15k-30k,北京智者天下科技有限公司,北京,9/27/2018 10:42:57
41284688184,Python 开发工程师,1-3年,18k-36k,北京智者天下科技有限公司,北京,9/10/2018 10:17:13
41284845856,Python平台开发工程师,不限,22k-35k,北京智者天下科技有限公司,北京,9/27/2018 10:31:19
41284948355,Python 3 开发 (MJ000552),1-3年,20k-35k,北京智者天下科技有限公司,北京,9/27/2018 10:31:19
41284972159,Python开发,1-3年,20k-40k,北京智者天下科技有限公司,北京,9/27/2018 10:31:19
41285176854,资深Python开发,5-10年,30k-45k,北京智者天下科技有限公司,北京,9/27/2018 14:46:12
41781230540,服务器端开发工程师（Python）,1-3年,10k-16k,北京凯奇谷信息技术股份有限公司,北京,9/28/2018 10:14:35
42863730902,服务器开发工程师（nodejs/java/python/go,5-10年,25k-40k,竞技世界（北京）网络技术有限公司,北京,9/28/2018 09:42:44
45102182008,Python,3-5年,20k-40k,北京春雨天下软件有限公司,北京,9/26/2018 10:29:26
45104760643,python,不限,18k-36k,北京春雨天下软件有限公司,北京,9/26/2018 10:29:26
45585129274,python高级工程师,不限,20k-30k,北京火币天下网络技术有限公司,北京,9/25/2018 09:32:14
58324992800,04537-数据系统开发工程师(Python),1-3年,20k-35k,微梦创科网络科技（中国）有限公司,北京,9/25/2018 14:34:36
58325033009,python中高端开发工程师,1-3年,20k-40k,微梦创科网络科技（中国）有限公司,北京,9/25/2018 14:34:35
59464818280,python工程师,3-5年,20k-35k,赤子城网络技术（北京）有限公司,北京,9/11/2018 14:16:35
59464869259,python开发工程师,3-5年,10k-20k,赤子城网络技术（北京）有限公司,北京,9/11/2018 14:16:34
60405077339,Python助教,1-3年,6k-8k,北京奥鹏远程教育中心有限公司,北京,9/25/2018 14:29:39
60405158419,python讲师,3-5年,18k-36k,北京奥鹏远程教育中心有限公司,北京,9/27/2018 13:45:23
62145176136,高级python开发工程师,3-5年,25k-45k,北京好赞移动科技有限公司,北京,9/27/2018 12:12:55
69963740753,python开发实习生,1年以下,6k-9k,北京智融时代信息技术有限公司,北京,9/27/2018 14:27:16
69964223360,python研发工程师（抓取平台开发方向）,3-5年,20k-40k,北京智融时代信息技术有限公司,北京,9/27/2018 14:27:10
69964362798,高级Python开发工程师,3-5年,25k-45k,北京智融时代信息技术有限公司,北京,9/21/2018 17:51:22
69964632901,高级Python开发工程师,3-5年,25k-40k,北京智融时代信息技术有限公司,北京,9/27/2018 14:27:05
70944967938,高级Python,3-5年,20k-30k,小叶子（北京）科技有限公司,北京,9/25/2018 10:09:38
70944977208,Python开发工程师,3-5年,20k-30k,小叶子（北京）科技有限公司,北京,9/25/2018 10:09:33
70945156054,python实习生,不限,3k-4k,小叶子（北京）科技有限公司,北京,9/27/2018 10:20:01
79022600411,Linux C++/Python中高级研发工程师,5-10年,25k-35k,北京好巧国际旅行社有限公司,北京,9/28/2018 09:15:18
79024347033,Python研发工程师,3-5年,18k-30k,北京好巧国际旅行社有限公司,北京,9/28/2018 09:15:20
79025161653,Python高级研发工程师,3-5年,20k-35k,北京好巧国际旅行社有限公司,北京,9/28/2018 09:15:19
81033015996,Python开发工程师,3-5年,15k-25k,北京车之家信息技术有限公司,北京,9/27/2018 17:44:55
81035152486,python工程师,3-5年,15k-25k,北京车之家信息技术有限公司,北京,9/27/2018 17:44:55
83324593423,Python开发工程师（网安）-北京,3-5年,15k-20k,任子行网络技术股份有限公司,北京,9/6/2018 08:17:22
83324611449,Python开发工程师,3-5年,15k-20k,任子行网络技术股份有限公司,北京,9/6/2018 08:17:21
84144572765,Python开发工程师,1-3年,20k-40k,一点网聚科技有限公司,北京,9/14/2018 16:38:44
88615179761,高级Python开发工程师,1-3年,12k-24k,北京汇行科技有限公司,北京,9/28/2018 10:32:56
92515130082,资深python开发工程师,5-10年,20k-40k,厦门美柚信息科技有限公司,北京,9/28/2018 08:35:35
95654859088,Python 工程师,3-5年,20k-40k,美味书签（北京）信息技术有限公司,北京,9/25/2018 15:35:57
99551586857,Python开发工程师,3-5年,15k-25k,北京慕华信息科技有限公司,北京,9/28/2018 09:22:19
99553106720,系统开发工程师（Python）,3-5年,20k-35k,北京慕华信息科技有限公司,北京,9/28/2018 09:22:22
99554548105,Python工程师,3-5年,15k-25k,北京慕华信息科技有限公司,北京,9/28/2018 09:22:20
99554906354,Python工程师,5-10年,25k-40k,北京慕华信息科技有限公司,北京,9/28/2018 09:22:20
99555135591,中高级python工程师,1-3年,15k-30k,北京慕华信息科技有限公司,北京,9/26/2018 18:02:07
111094659017,python高级工程师,1-3年,12k-24k,射雕（北京）科技有限公司,北京,8/29/2018 10:56:13
112092862273,高级Python开发工程师,3-5年,20k-40k,北京果壳互动科技传媒有限公司,北京,9/27/2018 13:56:20
112093949421,后端技术经理（Python web）,5-10年,20k-40k,北京果壳互动科技传媒有限公司,北京,9/28/2018 11:50:46
118972068310,Python开发工程师,3-5年,10k-20k,北京趣活科技有限公司,北京,9/20/2018 16:11:21
155074728512,python高级工程师-北京,5-10年,25k-40k,北京云族佳科技有限公司,北京,9/26/2018 09:23:46
157494019922,高级Python开发工程师,5-10年,20k-40k,北京弥财投资咨询有限公司,北京,9/28/2018 09:23:05
167994435081,高级讲师（Python 系统班）,1-3年,15k-25k,北京粉笔未来科技有限公司,北京,9/26/2018 09:48:38
167994453207,python课程助教,1-3年,6k-9k,北京粉笔未来科技有限公司,北京,9/13/2018 18:44:15
168755096493,Python开发工程师（XT1xhy）,5-10年,15k-20k,北京东方国信科技股份有限公司,北京,9/5/2018 18:27:27
181394198716,高级Python研发工程师（机器学习业务方向）,不限,18k-30k,北京京东世纪贸易有限公司,北京,9/28/2018 10:47:06
181394489937,Python后端研发工程师,3-5年,25k-50k,北京京东世纪贸易有限公司,北京,9/28/2018 10:47:05
181395012642,装机自动化高级工程师（Python）,3-5年,20k-40k,北京京东世纪贸易有限公司,北京,9/13/2018 18:37:06
181654908836,Python工程师,3-5年,15k-30k,北京点石经纬科技有限公司,北京,9/28/2018 09:43:25
181655101499,高级python工程师,5-10年,20k-30k,北京点石经纬科技有限公司,北京,9/28/2018 09:43:26
187132094102,Python开发工程师,1-3年,20k-35k,北京启明合心科技有限公司,北京,9/28/2018 09:14:27
187134752822,中级python开发工程师,不限,20k-35k,北京启明合心科技有限公司,北京,9/28/2018 09:14:26
187134784596,高级python后端工程师,3-5年,20k-35k,北京启明合心科技有限公司,北京,9/28/2018 09:14:26
190835028571,Python 开发工程师,3-5年,15k-30k,北京博派通达科技有限公司,北京,9/28/2018 10:09:47
191355158200,python工程师,3-5年,15k-25k,深圳多诺信息科技有限公司,北京,9/25/2018 09:58:04
206152463736,Python,1-3年,12k-24k,北京聚微合智信息技术有限公司,北京,9/26/2018 15:04:18
206153171584,Java/Python（高级）,3-5年,20k-30k,北京聚微合智信息技术有限公司,北京,9/26/2018 15:04:18
214084207347,高级Python工程师,3-5年,25k-35k,北京朗势科技有限公司,北京,9/14/2018 16:52:05
216434397575,Python研发工程师,5-10年,20k-40k,北京融联世纪信息技术有限公司,北京,9/5/2018 10:51:03
216434490842,2019暑期实习-python开发助理,应届毕业生,6k-8k,北京融联世纪信息技术有限公司,北京,9/18/2018 10:17:29
221393830261,Python开发工程师（校招）,应届毕业生,4k-8k,北京第三石科技发展有限公司,北京,9/25/2018 10:54:58
221394656501,Python开发工程师,3-5年,15k-30k,北京第三石科技发展有限公司,北京,9/25/2018 10:54:56
228844420382,python工程师,3-5年,16k-20k,小小黛朵（北京）科技有限公司,北京,9/28/2018 09:49:50
229143890244,Python开发,1-3年,8k-15k,上海致趣广告有限公司,北京,9/10/2018 10:34:30
233734780644,高级Python开发工程师,3-5年,15k-30k,北京大米未来科技有限公司,北京,9/26/2018 13:53:02
233734795069,Python开发工程师,3-5年,18k-35k,北京大米未来科技有限公司,北京,9/26/2018 13:53:01
236874931841,Python高级开发工程师&nbsp;,3-5年,15k-30k,北京格灵深瞳信息技术有限公司,北京,9/27/2018 10:36:48
237272773278,python高级工程师/架构师,3-5年,10k-20k,同方知网（北京）技术有限公司,北京,9/25/2018 08:50:11
237274739239,Python工程师,应届毕业生,7k-11k,同方知网（北京）技术有限公司,北京,9/11/2018 10:40:25
245234033070,Python后端开发工程师,1-3年,15k-25k,北京多来点信息技术有限公司,北京,9/27/2018 17:36:39
253174266883,Python 开发工程师,3-5年,15k-17k,深圳市金证科技股份有限公司,北京,9/28/2018 10:56:18
253174626303,python开发,3-5年,10k-15k,深圳市金证科技股份有限公司,北京,9/28/2018 10:56:16
253174626329,python开发,3-5年,10k-20k,深圳市金证科技股份有限公司,北京,9/28/2018 10:56:17
267824390952,Python开发攻城狮,不限,20k-40k,探探科技（北京）有限公司,北京,9/17/2018 11:21:29
289974909121,高级python研发工程师,3-5年,20k-30k,北京源清慧虹信息科技有限公司,北京,9/28/2018 11:01:10
293394689850,Python开发工程师,不限,10k-15k,北京金色华勤数据服务有限公司,北京,9/21/2018 10:13:01
294963849452,Python 数据开发工程师,3-5年,20k-40k,北京闪银奇异科技有限公司,北京,9/28/2018 11:30:59
294964024943,python工程师,不限,30k-45k,北京闪银奇异科技有限公司,北京,9/27/2018 14:48:50
294964033871,中高级Python开发,3-5年,18k-36k,北京闪银奇异科技有限公司,北京,9/14/2018 18:26:09
294964074824,高级服务器端Python工程师,3-5年,30k-45k,北京闪银奇异科技有限公司,北京,9/28/2018 11:31:00
294964169435,Python开发工程师,1-3年,18k-35k,北京闪银奇异科技有限公司,北京,9/14/2018 18:26:10
294964223672,web端Python开发工程师,1-3年,15k-30k,北京闪银奇异科技有限公司,北京,9/28/2018 11:30:58
294964224010,Python 开发工程师,3-5年,15k-25k,北京闪银奇异科技有限公司,北京,9/26/2018 18:53:05
294964428102,高级python开发工程师,5-10年,28k-45k,北京闪银奇异科技有限公司,北京,9/26/2018 18:53:05
294964693715,Python开发工程师,1-3年,15k-25k,北京闪银奇异科技有限公司,北京,9/26/2018 18:53:06
294964905395,Python开发工程师,3-5年,18k-35k,北京闪银奇异科技有限公司,北京,9/25/2018 09:36:14
294965051830,Python开发,应届毕业生,10k-15k,北京闪银奇异科技有限公司,北京,9/14/2018 18:26:09
294965059377,Python开发工程师（校招）,不限,10k-15k,北京闪银奇异科技有限公司,北京,9/26/2018 18:53:06
294965066946,Python业务开发工程师,1-3年,15k-25k,北京闪银奇异科技有限公司,北京,9/5/2018 10:09:41
294965109169,python数据开发,应届毕业生,13k-18k,北京闪银奇异科技有限公司,北京,9/28/2018 11:30:58
297954070522,Python后端开发工程师,3-5年,25k-50k,北京思维造物信息科技有限公司,北京,9/28/2018 09:31:22
297954398177,Python开发工程师,3-5年,25k-50k,北京思维造物信息科技有限公司,北京,9/28/2018 09:31:20
300604100164,Python讲师,3-5年,20k-30k,北京中公教育科技股份有限公司,北京,9/28/2018 09:04:31
300604845219,python开发工程师,3-5年,15k-30k,北京中公教育科技股份有限公司,北京,9/5/2018 16:44:50
300604904054,Python研发编辑,1-3年,15k-25k,北京中公教育科技股份有限公司,北京,9/28/2018 09:04:30
300604934489,Python助理讲师,1-3年,7k-10k,北京中公教育科技股份有限公司,北京,9/28/2018 09:04:31
306485068362,Python实习生,不限,2k-4k,北京神州绿盟信息安全科技股份有限公司,北京,8/29/2018 18:28:17
306485068406,python实习生（产品线）,不限,2k-4k,北京神州绿盟信息安全科技股份有限公司,北京,8/29/2018 18:36:28
311644983746,Python 实习工程师,不限,3k-4k,北京优帆科技有限公司,北京,9/3/2018 10:05:23
342144987903,python高级研发工程师,5-10年,20k-35k,乐飞天下信息技术(北京)有限公司,北京,9/28/2018 08:46:26
342145061798,Python开发工程师,3-5年,10k-20k,乐飞天下信息技术(北京)有限公司,北京,9/27/2018 15:44:57
342145061833,Python中级开发工程师,5-10年,17k-34k,乐飞天下信息技术(北京)有限公司,北京,9/27/2018 15:44:54
353223934436,Python开发工程师,3-5年,10k-20k,北京缔联科技有限公司,北京,9/13/2018 17:18:33
356305179861,python开发实习生,应届毕业生,2k-3k,北京升鑫网络科技有限公司,北京,9/28/2018 10:43:59
359464369077,Python/web开发工程师,3-5年,10k-20k,北京闪送科技有限公司,北京,9/25/2018 10:58:41
360314932443,Python高级研发工程师(技术),不限,15k-30k,上海一起作业信息科技有限公司,北京,9/26/2018 14:48:37
360314932883,python高级研发工程师（中学业务）,3-5年,20k-40k,上海一起作业信息科技有限公司,北京,9/26/2018 14:48:37
360314972010,python高级开发工程师（技术）,3-5年,25k-50k,上海一起作业信息科技有限公司,北京,9/26/2018 14:48:37
360315069686,python高级开发工程师（技术）,3-5年,25k-50k,上海一起作业信息科技有限公司,北京,9/26/2018 14:48:40
400543212914,高级python研发工程师,5-10年,25k-40k,路书（北京）科技有限公司,北京,9/27/2018 14:05:53
400543212919,python研发工程师,3-5年,18k-30k,路书（北京）科技有限公司,北京,9/27/2018 14:05:53
404594787420,算法开发工程师（Python）,1-3年,20k-40k,北京市商汤科技开发有限公司,北京,9/28/2018 10:45:58
409704869111,物联网安全分析C和Python实习生,应届毕业生,6k-8k,中国科学院信息工程研究所,北京,9/26/2018 16:52:53
414834772163,Python工程师（基金方向）,1-3年,10k-20k,北京凤凰理理它信息技术有限公司,北京,9/17/2018 10:28:42
425571828369,Python开发工程师,1-3年,10k-20k,华风象辑（北京）气象科技有限公司,北京,9/27/2018 16:37:07
426875175323,Python开发工程师,1-3年,10k-18k,北京中科国际软件有限公司,北京,9/27/2018 10:38:45
460435061673,Python中高级研发工程师,3-5年,15k-25k,北京蜜蜂兄弟科技有限公司,北京,9/18/2018 10:36:33
463994938545,高级Python开发工程师(J10075),3-5年,15k-25k,会找房（北京）网络技术有限公司,北京,9/11/2018 10:06:16
463995021841,Python开发工程师(J10100),3-5年,15k-30k,会找房（北京）网络技术有限公司,北京,9/11/2018 10:06:17
467845178655,高级Python工程师,3-5年,18k-28k,北京彩彻区明科技有限公司,北京,9/27/2018 18:27:20
495514853985,资深python研发工程师,5-10年,20k-35k,中云网安科技（北京）有限公司,北京,9/20/2018 11:02:22
498702469568,Python研发中级工程师,3-5年,15k-30k,北京掌控世代科技有限公司,北京,9/4/2018 09:55:11
507024134091,服务端高级开发工程师Golang/Python,3-5年,35k-45k,北京三快在线科技有限公司,北京,9/27/2018 10:32:11
507024883811,数据平台研发（Python）工程师,3-5年,25k-45k,北京三快在线科技有限公司,北京,9/27/2018 15:34:58
532045076972,Python,3-5年,12k-22k,南京绛门信息科技股份有限公司,北京,9/25/2018 09:24:18
554464904310,Python开发工程师,1-3年,25k-50k,贝壳找房（北京）科技有限公司,北京,9/28/2018 10:33:59
554464938653,Python开发工程师,3-5年,25k-50k,贝壳找房（北京）科技有限公司,北京,9/27/2018 10:00:12
599024543118,Python开发工程师,3-5年,15k-28k,轻易科技有限公司,北京,9/27/2018 11:42:44
610163738059,Python高级开发工程师,3-5年,15k-20k,北京棣南新宇科技有限公司,北京,9/28/2018 09:42:17
623975073576,Python研发工程师,1-3年,8k-16k,北京微星优财网络科技有限公司,北京,9/3/2018 09:37:05
625404464154,高级 Python 工程师,3-5年,20k-40k,锐波（北京）科技有限公司,北京,9/27/2018 20:10:54
637025134640,Python开发工程师,1-3年,10k-15k,上海犇众信息技术有限公司,北京,9/18/2018 09:38:45
685074915944,软件开发工程师（Python）,3-5年,15k-30k,昆仑智汇数据科技（北京）有限公司,北京,9/17/2018 08:53:58
698704888170,python开发工程师,1-3年,13k-20k,北京悠扬互动科技有限公司,北京,9/17/2018 10:57:59
721065139114,Python开发工程师,5-10年,20k-40k,紫梧桐（北京）资产管理有限公司,北京,9/26/2018 16:42:49
727204985074,高级Python工程师(000397)(BJ),1-3年,15k-30k,北京快乐茄信息技术有限公司,北京,9/28/2018 10:10:19
727205136969,python开发工程师,1-3年,15k-30k,北京快乐茄信息技术有限公司,北京,9/28/2018 10:10:03
730434317425,高级python开发工程师,3-5年,20k-30k,百融金融信息服务股份有限公司,北京,9/25/2018 16:51:17
750685099972,python开发工程师,3-5年,20k-40k,杭州微易信息科技有限公司,北京,9/17/2018 17:14:28
760663104419,Python后台开发,1-3年,10k-18k,深圳晶泰科技有限公司,北京,9/25/2018 10:21:58
767144751316,Python开发工程师,3-5年,10k-18k,北京南天软件有限公司,北京,9/28/2018 09:47:48
782244177079,python工程师(北京),1-3年,15k-25k,深圳码隆科技有限公司,北京,9/25/2018 11:34:23
811444661724,高级Python开发工程师,3-5年,30k-45k,北京快松果科技有限公司,北京,9/27/2018 16:54:52
829913684783,python研发工程师,1年以下,15k-30k,北京数美时代科技有限公司,北京,9/25/2018 10:09:10
829913684787,python研发工程师,1年以下,15k-30k,北京数美时代科技有限公司,北京,9/25/2018 10:09:16
829913684796,python研发工程师,1-3年,15k-30k,北京数美时代科技有限公司,北京,9/25/2018 10:09:13
835853819005,存储应用开发工程师-Java/GO/Python,3-5年,18k-35k,星辰天合（北京）数据科技有限公司,北京,9/28/2018 09:53:40
848145156596,高级python研发工程师,3-5年,20k-40k,医渡云（北京）技术有限公司,北京,9/20/2018 11:01:47
864564918473,Python开发实习生,应届毕业生,7k-8k,五洲万象（北京）科技有限公司,北京,9/19/2018 17:11:35
870624138900,Python算法工程师（初中级）,1-3年,15k-25k,盛和（北京）资讯科技有限公司,北京,9/25/2018 13:25:54
889784838290,Python开发工程师,3-5年,20k-40k,上海海知智能科技有限公司,北京,9/27/2018 16:11:28
901455071983,Python开发工程师,3-5年,15k-30k,北京中睿天下信息技术有限公司,北京,9/28/2018 11:27:15
916674908752,python工程师,不限,15k-25k,北京小龙虾科技有限公司,北京,9/28/2018 10:24:21
916674909061,python工程师,不限,20k-35k,北京小龙虾科技有限公司,北京,9/28/2018 10:24:21
916674932088,python高级研发工程师（微应用）,1-3年,20k-30k,北京小龙虾科技有限公司,北京,9/28/2018 10:24:21
937603362415,Python开发工程师,3-5年,20k-40k,北京来也网络科技有限公司,北京,9/25/2018 19:15:10
938084997799,初级Python开发工程师,3-5年,10k-15k,北京汇游科技有限公司,北京,9/28/2018 09:19:43
938084997826,中高级Python开发工程师,3-5年,20k-30k,北京汇游科技有限公司,北京,9/28/2018 09:19:41
939364099175,大数据平台开发工程师 Java/Python,应届毕业生,10k-20k,生命奇点（北京）科技有限公司,北京,9/27/2018 14:56:10
941034805749,Python工程师,3-5年,20k-30k,北京优护创智健康科技有限责任公司,北京,9/3/2018 18:54:08
980704028561,Python研发工程师,3-5年,15k-30k,上海诚信互通网络信息科技有限公司,北京,9/25/2018 14:30:44
982854347823,python研发工程师,5-10年,30k-40k,国美金控投资有限公司,北京,9/26/2018 17:49:35
990894787810,python工程师,3-5年,13k-25k,天道计然（北京）信息科技有限责任公司,北京,9/26/2018 11:18:29
998794729308,python工程师,不限,4k-6k,北京明微共创科技有限公司,北京,9/28/2018 09:03:17
1005304495530,中级python开发工程师,3-5年,20k-30k,北京超盟数据科技有限公司,北京,9/26/2018 10:57:43
1006525155841,Python工程师,3-5年,10k-20k,北京梦哆啦网络科技有限公司,北京,9/21/2018 09:21:34
1020224497510,python后端开发工程师,1-3年,10k-18k,北京江山如画网路科技有限责任公司,北京,9/25/2018 14:32:41
1022124568134,高级Python开发工程师,3-5年,15k-25k,达内时代科技集团有限公司,北京,9/27/2018 16:15:35
1022124568247,Python高级开发工程师 (MJ003815),3-5年,15k-25k,达内时代科技集团有限公司,北京,9/27/2018 16:15:36
1022124568248,Python讲师 (MJ001577),5-10年,18k-30k,达内时代科技集团有限公司,北京,9/27/2018 16:15:35
1022124602461,Python讲师 (MJ004002),3-5年,15k-30k,达内时代科技集团有限公司,北京,9/27/2018 16:15:35
1026164210254,Python 后台工程师,1年以下,5k-10k,恒爱高科（北京）科技有限公司,北京,9/28/2018 10:00:43
1062892756328,PHP ／Python 后端研发工程师,3-5年,15K-25K,北京棕榈创想科技有限公司,北京,9/27/2018 11:45:11
1062894440973,Python开发工程师,3-5年,15k-25k,北京棕榈创想科技有限公司,北京,9/27/2018 11:45:12
1063034862186,狐友Python开发工程师,1-3年,20k-35k,北京搜狐新媒体信息技术有限公司,北京,9/27/2018 17:04:06
1074233178128,Python开发工程师,3-5年,20k-40k,车好多旧机动车经纪(北京)有限公司,北京,9/25/2018 10:25:12
1074235086753,Python,3-5年,25k-30k,车好多旧机动车经纪(北京)有限公司,北京,9/25/2018 10:25:11
1082165174266,Python后端工程师,1-3年,15k-30k,北京图森智途科技有限公司,北京,9/26/2018 19:45:28
1093174754316,Python运维工程师,3-5年,15k-25k,北京灵犀联云科技有限公司,北京,9/25/2018 14:21:41
1095894306115,大数据开发工程师【Python】,3-5年,15k-25k,北京世相科技文化有限公司,北京,9/17/2018 21:44:48
1103934894030,Python工程师,3-5年,20k-40k,北京诸葛找房信息技术有限公司,北京,9/25/2018 19:45:40
1111751407389,Python 中级工程师,3-5年,15k-25k,智线云科技（北京）有限公司,北京,9/27/2018 14:25:26
1111752735716,高级Python工程师,3-5年,15k-25k,智线云科技（北京）有限公司,北京,9/27/2018 14:25:31
1111752735720,高级Java/PHP/Python工程师,3-5年,15k-30k,智线云科技（北京）有限公司,北京,9/27/2018 14:25:29
1111753390159,Python中级工程师,3-5年,15k-25k,智线云科技（北京）有限公司,北京,9/27/2018 14:25:33
1114394912557,资深Python 工程师,不限,22k-32k,北京深海巨鲸信息科技有限公司,北京,9/25/2018 09:47:01
1136974128511,Python工程师,不限,18k-36k,零氪信息技术（北京）有限公司,北京,9/25/2018 11:00:35
1136974868610,高级python后端研发工程师,不限,26k-52k,零氪信息技术（北京）有限公司,北京,9/25/2018 11:00:34
1136974967958,python开发工程师,不限,14k-28k,零氪信息技术（北京）有限公司,北京,9/25/2018 11:00:34
1140284050418,python开发工程师,3-5年,13k-20k,无锡信成网络科技有限公司,北京,9/25/2018 09:15:14
1141105008306,【2019校招】助理软件开发工程师（python),应届毕业生,10k-14k,乐视网信息技术（北京）股份有限公司,北京,9/20/2018 14:20:28
1142594923994,Python教学研发经理,3-5年,18k-35k,北京八维研修学院,北京,9/27/2018 16:18:47
1152904468712,Python开发工程师,1-3年,10k-20k,北京乐信圣文科技有限责任公司,北京,9/28/2018 10:02:58
1160933010852,Python后端开发工程师,3-5年,20k-40k,克鲁（北京）网络科技有限公司,北京,9/28/2018 11:08:34
1161194878795,Python工程师,5-10年,20k-30k,安徽七天教育科技有限公司,北京,9/17/2018 09:50:40
1237774516739,Python开发,3-5年,9k-18k,北京通力互联技术服务有限公司,北京,9/25/2018 14:34:32
1247703860090,python研发工程师,5-10年,15k-30k,北京首都在线科技股份有限公司,北京,9/28/2018 09:23:26
1249623544853,PYTHON研发工程师,3-5年,25k-35k,深圳市麦达数字股份有限公司,北京,9/25/2018 11:36:56
1251021724711,Python应届毕业生,不限,5k-8k,北京格上添富科技发展有限公司,北京,9/26/2018 10:11:57
1251021942854,Python研发工程师,3-5年,13k-25k,北京格上添富科技发展有限公司,北京,9/26/2018 10:11:58
1251022653020,Python实习生,不限,6k-12k,北京格上添富科技发展有限公司,北京,9/26/2018 10:11:58
1251022934538,高级Python研发工程师,5-10年,20k-35k,北京格上添富科技发展有限公司,北京,9/26/2018 10:11:57
1263851744860,Python【实习生】,应届毕业生,5k-10k,北京罗威亚科技有限公司,北京,9/27/2018 11:32:07
1271604870150,Python高级讲师,3-5年,20k-30k,北京优思安科技有限公司,北京,9/26/2018 08:29:20
1290684529274,python开发工程师,1-3年,15k-30k,北京阿博茨科技有限公司,北京,9/5/2018 15:08:25
1315454960712,python 开发工程师,1-3年,12k-22k,瓦力必达科技（北京）有限公司,北京,8/29/2018 14:22:56
1316614182773,Python开发工程师,3-5年,10k-20k,慧泽商通（北京）科技有限公司,北京,9/4/2018 14:48:51
1321125015766,Python开发工程师,3-5年,20k-30k,北京众安天下科技有限公司,北京,9/25/2018 09:57:54
1331922625410,python开发工程师,3-5年,15k-25k,北京车势科技有限公司,北京,9/25/2018 14:14:53
1333825160728,Python量化系统工程师,3-5年,20k-40k,北京百乘金科科技有限公司,北京,9/25/2018 13:50:27
1339204169100,Python开发实习生,应届毕业生,3k-4k,北京小度互娱科技有限公司,北京,9/27/2018 21:40:29
1345024990609,Python,不限,20k-35k,北京仁信智清科技有限公司,北京,9/25/2018 11:40:08
1352554851907,Python工程师（新华互联）,1-3年,7k-14k,新华书店总店,北京,9/27/2018 09:53:49
1378134691235,资深Python工程师,3-5年,15k-25k,北京银通易汇科技有限公司,北京,9/10/2018 09:57:19
1397503692595,Python开发工程师（后端）,1-3年,20k-30k,北京心跳时空科技有限公司,北京,9/20/2018 21:26:49
1397504904594,Python 后端开发工程师,不限,25k-35k,北京心跳时空科技有限公司,北京,9/20/2018 21:26:49
1401042523325,Java/Python,应届毕业生,8k-16k,北京石云科技有限公司,北京,9/26/2018 15:03:09
1401043019557,Python/Ruby,1-3年,15k-30k,北京石云科技有限公司,北京,9/26/2018 15:03:09
1401043117204,Python,应届毕业生,10k-20k,北京石云科技有限公司,北京,9/26/2018 15:03:09
1401043428164,Java/Python（实习）,应届毕业生,3k-6k,北京石云科技有限公司,北京,9/26/2018 15:03:09
1411365029286,python后端开发工程师,3-5年,25k-50k,苏州中拓汇科信息科技有限公司,北京,9/25/2018 09:30:31
1418033500676,Python工程师-大数据方向,3-5年,15k-30k,北京高思博乐教育科技股份有限公司,北京,9/3/2018 17:19:44
1418034487544,python开发工程师,3-5年,20k-30k,北京高思博乐教育科技股份有限公司,北京,9/3/2018 17:19:44
1439674582818,Python 开发工程师,3-5年,18k-35k,北京金风科创风电设备有限公司,北京,9/26/2018 10:02:35
1453754110132,Python后端开发工程师,1-3年,20k-30k,柔持（北京）科技有限公司,北京,9/22/2018 19:27:25
1453755163880,Python后端开发工程师,3-5年,25k-30k,柔持（北京）科技有限公司,北京,9/22/2018 19:30:20
1454854613250,Python开发工程师,3-5年,12k-24k,北京磁力信科技有限公司,北京,8/30/2018 11:11:45
1455443282934,python开发工程师,1-3年,10k-20k,游尔（北京）机器人科技有限公司,北京,9/28/2018 10:15:19
1455865129252,Python研发工程师,5-10年,20k-40k,北京云英传奇技术有限公司,北京,9/14/2018 22:10:27
1455865146760,高级Python工程师,3-5年,30k-40k,北京云英传奇技术有限公司,北京,9/25/2018 16:22:37
1472245176788,Python开发工程师,1-3年,10k-15k,北京必胜课教育科技有限公司,北京,9/27/2018 14:36:45
1476664872232,Python开发工程师,3-5年,15k-30k,北京未来安全信息技术有限公司,北京,9/4/2018 16:39:17
1500304946723,Python 工程师,3-5年,12k-16k,北京瑞友科技股份有限公司,北京,9/20/2018 10:18:33
1508853894260,python开发工程师,3-5年,15k-25k,北京微步在线科技有限公司,北京,9/12/2018 10:29:47
1509724284585,Python开发工程师,3-5年,15k-25k,北京原子钟信息科技有限公司,北京,9/4/2018 18:05:25
1520995150615,高级Python工程师,5-10年,40k-50k,上海速合信息科技有限公司,北京,9/19/2018 01:38:35
1523774556840,Python/Golang开发工程师,3-5年,15k-30k,图玛深维医疗科技（北京）有限公司,北京,9/13/2018 15:39:48
1538493068749,研发专家-Java/Python/C++/Go北京,3-5年,25k-50k,支付宝(杭州)信息技术有限公司,北京,9/19/2018 09:58:55
1555875073904,Python研发工程师,应届毕业生,7k-12k,北京企名片科技有限公司,北京,8/30/2018 18:46:50
1559384718897,Python开发工程师,3-5年,15k-30k,苏州锦佰安信息技术有限公司,北京,8/30/2018 09:57:52
1559384719864,Python开发工程师,3-5年,15k-30k,苏州锦佰安信息技术有限公司,北京,8/30/2018 09:57:52
1599724352162,python高级工程,5-10年,25k-50k,拓天伟业（北京）资产管理集团有限公司,北京,9/26/2018 16:30:47
1615164048447,高级Python开发工程师,3-5年,15k-30k,成安（北京）科技发展有限公司,北京,9/27/2018 10:40:10
1631823869044,Python技术经理,3-5年,18k-36k,北京音悦荚科技有限责任公司,北京,9/28/2018 11:13:32
1642534973526,python讲师（全职、兼职都可）,5-10年,25k-45k,北京开课吧科技有限公司,北京,9/28/2018 09:40:50
1653314515975,python开发（可转强化学习研究员）,不限,15k-30k,北京深极智能科技有限公司,北京,9/18/2018 10:48:55
1656494210691,高级python开发工程师,3-5年,20k-40k,混沌时代（北京）教育科技有限公司,北京,9/20/2018 13:16:52
1656494313110,python后台工程师,1-3年,15k-25k,混沌时代（北京）教育科技有限公司,北京,9/27/2018 14:06:08
1686875133808,python讲师,3-5年,15k-20k,北京市海淀区八维计算机培训学校,北京,9/27/2018 08:49:48
1687165177934,python后端,3-5年,10K-20K,北京硬球科技有限公司,北京,9/27/2018 16:45:10
1689914071845,Python开发工程师,1-3年,20k-35k,北京优虎商务服务有限公司,北京,9/25/2018 10:36:08
1689915146101,python开发工程师,1-3年,20k-40k,北京优虎商务服务有限公司,北京,9/26/2018 11:13:41
1689915168018,Python工程师,3-5年,18k-35k,北京优虎商务服务有限公司,北京,9/25/2018 15:53:28
1691864559586,后端开发工程师（Python）,不限,20k-24k,北京初速度科技有限公司,北京,9/17/2018 10:35:07
1691864559606,后端开发工程师（Python）,应届毕业生,10k-15k,北京初速度科技有限公司,北京,9/17/2018 10:35:07
1722853972672,Python开发工程师,3-5年,18k-35k,北京猎户星空科技有限公司,北京,9/25/2018 10:16:16
1722854596824,python开发工程师,1-3年,15k-30k,北京猎户星空科技有限公司,北京,9/3/2018 10:20:58
1736253827337,python开发工程师,3-5年,15k-25k,北京天广汇通科技有限公司,北京,9/27/2018 10:10:57
1752573928404,高级Python开发工程师,1-3年,12k-24k,北京之洲科技有限责任公司,北京,9/28/2018 10:47:21
1755574913142,python工程师(J11548),3-5年,25k-40k,便利蜂商贸有限公司,北京,9/11/2018 16:49:50
1796665034477,python工程师,3-5年,15k-25k,杭州飞致云信息科技有限公司,北京,9/18/2018 14:19:41
1857253005787,Python开发工程师,3-5年,12k-24k,溪流科技（北京）有限公司,北京,9/20/2018 09:45:01
1858334570246,Python开发工程师,3-5年,15k-30k,北京厨芯科技有限公司,北京,9/15/2018 22:10:18
1890224695172,Python工程师-赴微软小冰,1-3年,8k-10k,上海微创软件股份有限公司北京分公司,北京,9/28/2018 09:49:14
1890224853706,Python开发（赴百度）,不限,10k-14k,上海微创软件股份有限公司北京分公司,北京,9/28/2018 09:49:13
1936205005882,Python开发工程师—监控方向,3-5年,15k-30k,北京贝斯平云科技有限公司,北京,9/27/2018 17:58:32
1936205005991,高级Python开发工程师—CI/CD方向,3-5年,20k-40k,北京贝斯平云科技有限公司,北京,9/27/2018 17:58:32
1936205006033,高级Python开发工程师—监控方向,3-5年,20k-40k,北京贝斯平云科技有限公司,北京,9/27/2018 17:58:32
2010494599838,Python工程师-服务器端,1-3年,15k-30k,非凡维格（北京）信息科技有限公司,北京,9/27/2018 20:52:21
2016874924923,高级Python工程师,3-5年,15k-25k,北京中谷金科信息技术有限公司,北京,9/25/2018 10:10:09
2016875177244,高级python工程师,5-10年,18k-25k,北京中谷金科信息技术有限公司,北京,9/27/2018 15:27:41
2021044496089,Python爬虫工程师,3-5年,20k-40k,上海基分文化传播有限公司,北京,9/11/2018 17:18:41
2021045150026,Python开发,3-5年,20k-40k,上海基分文化传播有限公司,北京,9/18/2018 18:31:59
2038215133140,资深python开发,不限,35k-50k,北京智合大方科技有限公司,北京,9/26/2018 19:30:56
2060955059077,后台开发工程师（Python）,不限,20k-40k,北京阿丘科技有限公司,北京,9/5/2018 16:59:57
2100214971736,云迁移平台Python开发工程师,3-5年,10k-20k,博飞信息科技（上海）有限公司,北京,9/25/2018 10:56:05
2100214971806,云迁移平台Python开发高级工程师,5-10年,15k-30k,博飞信息科技（上海）有限公司,北京,9/25/2018 10:56:01
2100214971835,云驱动Python开发高级工程师,5-10年,15k-30k,博飞信息科技（上海）有限公司,北京,9/25/2018 10:55:58
2101355142092,Python开发工程师,1-3年,8k-15k,北京冲浪科技有限公司,北京,9/17/2018 13:41:17
2102893191616,Python开发工程师,3-5年,10k-20k,北京云灵网络科技有限公司,北京,9/4/2018 09:06:52
2129393889355,python开发工程师,3-5年,20k-40k,北京一览科技有限公司,北京,9/27/2018 13:36:18
2161275102525,python工程师,1-3年,8k-15k,龙船（北京）科技有限公司,北京,9/24/2018 23:29:14
2211923545394,Python后端开发工程师,3-5年,15k-30k,北京墨云科技有限公司,北京,9/25/2018 10:46:49
2323174924794,Python高级开发工程师,3-5年,25k-50k,北京优利森咨询服务有限公司,北京,9/3/2018 18:05:24
2364054320389,Python工程师-机器学习方向,1-3年,20k-35k,北京曜辉信息科技有限公司,北京,9/14/2018 16:58:25
2379044027712,Python高级开发工程师,3-5年,13K-25K,北京库神信息技术有限公司,北京,9/26/2018 09:15:19
2379044878825,Python研发工程师,1-3年,20k-40k,北京库神信息技术有限公司,北京,9/26/2018 09:15:19
2379045067167,高级Python开发工程师,不限,14k-28k,北京库神信息技术有限公司,北京,9/26/2018 09:15:19
2381424823121,python高级开发工程师,不限,10k-15k,北京青软实训教育科技有限公司,北京,9/13/2018 10:39:43
2408484120928,Python开发工程师,应届毕业生,15k-25k,小立教育科技（北京）有限公司,北京,9/17/2018 17:28:18
2477175048392,python量化开发工程师,不限,12k-20k,东吴（苏州）金融科技有限公司,北京,9/27/2018 13:49:23
2498953918789,高级Python工程师,3-5年,15k-30k,秒秒测科技（北京）有限公司,北京,9/25/2018 09:28:45
2504815014873,python odoo 工程师,3-5年,10k-20k,北京家嘉华洋科技发展有限公司,北京,9/18/2018 00:44:56
2517514928071,高级Python开发工程师,1-3年,15k-30k,北京创业光荣信息科技有限责任公司,北京,9/6/2018 09:21:16
2530453549249,Python高级软件工程师,3-5年,25K-35K,北京未来光合科技有限公司,北京,9/26/2018 22:00:04
2546945058873,python开发工程师,3-5年,15k-30k,创新奇智（北京）科技有限公司,北京,9/26/2018 19:25:45
2546945095178,中级python开发工程师,1-3年,15k-30k,创新奇智（北京）科技有限公司,北京,9/26/2018 19:25:45
2546945095235,高级python开发工程师,3-5年,20k-40k,创新奇智（北京）科技有限公司,北京,9/26/2018 19:25:45
2553255000350,python工程师,3-5年,17k-34k,北京币世界网络科技有限公司,北京,9/27/2018 15:49:23
2560584998822,后端开发工程师（Python）,3-5年,20k-40k,北京有三逗科技有限公司,北京,9/27/2018 11:43:35
2624765077793,Python资深开发工程师,5-10年,25k-40k,中化石油有限公司,北京,9/21/2018 17:07:47
2671384959604,Python工程师,3-5年,10k-18k,中视科华有限公司北京技术服务分公司,北京,9/25/2018 09:18:03
2719675154542,Python工程师,5-10年,15k-25k,中电信用服务有限公司,北京,9/28/2018 09:12:22
2727624466137,python开发工程师,3-5年,15k-25k,北京中科物安科技有限公司,北京,9/28/2018 11:18:24
2730304727369,Python工程师(新闻类),3-5年,20k-30k,中金中富（北京）文化传媒有限公司,北京,9/26/2018 13:56:21
2785804887164,Python开发工程师,1-3年,20k-30k,北京十一贝科技有限公司,北京,9/20/2018 20:48:57
2804283771921,Python程序员,3-5年,8K-15K,北京四通工控技术有限公司,北京,9/5/2018 13:54:04
2808335109965,python工程师,3-5年,15k-30k,北京知源智生信息科技有限公司,北京,9/26/2018 17:26:29
2841283865530,高级Python开发工程师,3-5年,25k-45k,北京智分科技有限公司,北京,9/28/2018 10:52:34
2841284031217,Python爬虫工程师,1-3年,20k-40k,北京智分科技有限公司,北京,9/28/2018 10:52:34
2852175083985,python算法工程师,3-5年,30k-45k,中海晟融（北京）资本管理有限公司,北京,9/3/2018 16:39:41
3044035049005,Python Developer,3-5年,25k-50k,亚马逊卓越有限公司,北京,9/21/2018 15:19:20
3051634593601,高级Python工程师,3-5年,25k-50k,北京奇虎科技有限公司,北京,9/24/2018 12:53:58
3094834481992,"Python, nodejs，golang工程师",3-5年,30k-60k,上海福萝电子科技有限公司,北京,9/26/2018 15:21:31
3098844842565,Python开发工程师,应届毕业生,8k-10k,北京涵德投资管理有限公司,北京,9/6/2018 17:04:10
3147255131385,高级Python研发工程师,3-5年,15k-30k,遨游酒店信息技术(深圳)有限责任公司,北京,9/28/2018 10:37:58
3159254627493,Python开发工程师,1-3年,20k-40k,北京智水互娱科技有限公司,北京,9/28/2018 09:28:31
3207704879656,Python开发工程师,3-5年,18k-36k,爱笔（北京）智能科技有限公司,北京,9/27/2018 21:40:12
3218704289433,Python开发工程师,1-3年,15k-30k,北京汉迪移动互联网科技股份有限公司,北京,9/28/2018 10:11:57
3218704452224,高级Python工程师,3-5年,25k-50k,北京汉迪移动互联网科技股份有限公司,北京,9/28/2018 10:11:57
3218704816724,Python开发实习生,应届毕业生,5k-8k,北京汉迪移动互联网科技股份有限公司,北京,9/27/2018 15:52:56
3240175147854,Python开发工程师,3-5年,15k-25k,北京爱选信息科技有限公司,北京,9/25/2018 18:06:13
3322694241788,高级Python工程师,5-10年,20k-35k,北京聚齐众兴网络科技有限公司,北京,9/25/2018 09:12:46
3372004589188,Python开发工程师,5-10年,15k-20k,互影科技（北京）有限公司,北京,9/25/2018 18:23:19
3380674462636,Python 研发工程师,1-3年,15K-25K,北京感易智能科技有限公司,北京,9/25/2018 09:34:33
3575644641387,Python开发,1-3年,15k-30k,北京智胜新格科技有限公司,北京,9/25/2018 10:52:10
3618684782681,Python工程师,3-5年,15k-30k,北京睿为时代科技有限公司,北京,9/4/2018 10:20:22
3631154417998,Python server端工程师,1-3年,20k-40k,北京势在必行网络科技有限公司,北京,9/26/2018 14:38:57
3631154623841,python开发工程师,1-3年,15k-30k,北京势在必行网络科技有限公司,北京,9/26/2018 14:38:56
3726574861885,Python开发工程师,3-5年,15k-25k,北京米尼科技有限公司,北京,9/25/2018 10:06:09
3726574985160,高级Python开发工程师,3-5年,18k-26k,北京米尼科技有限公司,北京,9/25/2018 10:06:09
3767044893163,高级python开发工程师,3-5年,25k-40k,北京汉能户用薄膜发电科技有限公司,北京,9/25/2018 10:22:25
3807254892944,中高级 Python 工程师,1-3年,18k-30k,上海秘塔网络科技有限公司,北京,9/26/2018 14:33:39
3833724559461,Python工程师,5-10年,25k-40k,北京梦珊瑚信息科技有限公司,北京,9/17/2018 16:19:29
3929484823580,高级Python量化工程师,3-5年,25k-50k,本征投资（海南）有限公司,北京,9/26/2018 21:01:50
3935105159999,高级Python工程师,1-3年,30k-60k,北京右划网络科技有限公司,北京,9/28/2018 09:14:28
3935515034439,高级Python工程师,5-10年,18k-30k,北京百乘传媒技术有限公司,北京,9/27/2018 19:15:24
3954814944153,python中级开发工程师,5-10年,15k-25k,武汉昱然智能科技有限公司,北京,9/28/2018 09:09:45
3957655105289,区块链工程师（python）,3-5年,15k-30k,北京布路诺超链科技有限公司,北京,9/26/2018 10:25:11
4231855097108,Python开发工程师,1-3年,8k-15k,泰安北邮泰山信息产业有限公司,北京,9/5/2018 23:12:26
4252704912615,python开发实习生,应届毕业生,4k-8k,北京摩尔妈咪网络科技有限公司,北京,9/27/2018 11:57:46
4252704932878,python开发工程师,1-3年,15k-30k,北京摩尔妈咪网络科技有限公司,北京,9/27/2018 11:57:46
4339645118984,高级Python工程师,3-5年,20k-40k,北京钛氪新媒体科技有限公司,北京,9/27/2018 10:11:17
4390575021448,Python高级开发,3-5年,50k-80k,北京链家房地产经纪有限公司立水桥北路店,北京,9/28/2018 09:16:46
4471075091050,Python后端开发工程师,3-5年,20k-40k,湖北橙家装饰工程有限公司,北京,9/13/2018 17:29:19
4476185093649,python中高级开发工程师,3-5年,20k-30k,北京共识无限科技有限公司,北京,9/5/2018 13:40:04
4484555166310,Python高级工程师,3-5年,20k-30k,北京四个椰子信息技术有限公司,北京,9/25/2018 11:38:34
4526355153937,Python研发工程师,1-3年,15k-25k,颐邦（北京）医院管理有限公司,北京,9/19/2018 15:59:19
4548895158022,Python开发工程师,3-5年,15k-25k,信永中和会计师事务所（特殊普通合伙）,北京,9/25/2018 17:45:19
4549965158432,Python研发工程师,不限,6k-12k,南京云孚智能科技有限公司,北京,9/20/2018 15:41:55
